{"cameraMode":{"drawMode":0,"name":"Shaded","section":"Shading Mode"},"sceneLighting":true,"audioPlay":false,"sceneViewState":{"showFog":true,"showMaterialUpdate":false,"showSkybox":true,"showFlares":true,"showImageEffects":true,"showParticleSystems":true},"in2DMode":false,"pivot":{"x":-3.0633902549743654,"y":5.030758857727051,"z":-56.033363342285159},"rotation":{"x":-0.18652424216270448,"y":-0.2141137421131134,"z":0.041691385209560397,"w":-0.9579300284385681},"size":22.0,"orthographic":false}